Workbook

Sheet Sales by Product
A3: Product | B3: Sum of Sales | C3: Sum of Profit
A4: Brake Disc | B4: 2180000 | C4: 475000
A5: Brake Pad | B5: 1137000 | C5: 259000
A6: Clutch Plate | B6: 1596000 | C6: 353000
A7: Gear Set | B7: 3038000 | C7: 678000
A8: Grand Total | B8: 7951000 | C8: 1765000

Sheet Sales by Region
A3: Region | B3: Sum of Sales | C3: Sum of Profit
A4: Aurangabad | B4: 2374000 | C4: 516000
A5: Mumbai | B5: 1698000 | C5: 368000
A6: Nashik | B6: 1634000 | C6: 366000
A7: Pune | B7: 2245000 | C7: 515000
A8: Grand Total | B8: 7951000 | C8: 1765000

Sheet Monthly sales Trend
A3: Month | B3: Sum of Sales
A4: Jan | B4: 2321000
A5: Feb | B5: 2439000
A6: Mar | B6: 3191000
A7: Grand Total | B7: 7951000

Sheet Sales by Salesperson
A3: Salesperson | B3: Sum of Profit
A4: Amit | B4: 633000
A5: Priya | B5: 594000
A6: Rahul | B6: 538000
A7: Grand Total | B7: 1765000

Sheet Defect Rate by Product
A3: Product | B3: Average of Defect Rate
A4: Brake Disc | B4: 0.021473613
A5: Brake Pad | B5: 0.027574583
A6: Clutch Plate | B6: 0.018384839
A7: Gear Set | B7: 0.019654694
A8: Grand Total | B8: 0.021427417

Sheet Sales
A1: Date | B1: Order_ID | C1: Plant | D1: Region | E1: Product | F1: Salesperson | G1: Units_Produced | H1: Units_Sold | I1: Sales | J1: Cost | K1: Defects | L1: Profit | M1: Unsold units | N1: Defect Rate | O1: Sales Conversion | P1: Month
A2: 46023 | B2: ORD001 | C2: Waluj | D2: Aurangabad | E2: Brake Disc | F2: Amit | G2: 500 | H2: 450 | I2: 225000 | J2: 180000 | K2: 12 | L2: =I2-J2 -> 45000 | M2: =G2-H2 -> 50 | N2: =K2/G2 -> 0.024 | O2: =H2/G2 -> 0.9 | P2: =TEXT(A2,"mmm") -> Jan
A3: 46025 | B3: ORD002 | C3: Bidkin | D3: Aurangabad | E3: Gear Set | F3: Rahul | G3: 400 | H3: 380 | I3: 266000 | J3: 210000 | K3: 8 | L3: =I3-J3 -> 56000 | M3: =G3-H3 -> 20 | N3: =K3/G3 -> 0.02 | O3: =H3/G3 -> 0.95 | P3: =TEXT(A3,"mmm") -> Jan
A4: 46027 | B4: ORD003 | C4: Waluj | D4: Pune | E4: Brake Pad | F4: Priya | G4: 600 | H4: 540 | I4: 162000 | J4: 125000 | K4: 15 | L4: =I4-J4 -> 37000 | M4: =G4-H4 -> 60 | N4: =K4/G4 -> 0.025 | O4: =H4/G4 -> 0.9 | P4: =TEXT(A4,"mmm") -> Jan
A5: 46030 | B5: ORD004 | C5: Bidkin | D5: Mumbai | E5: Gear Set | F5: Amit | G5: 450 | H5: 420 | I5: 294000 | J5: 235000 | K5: 10 | L5: =I5-J5 -> 59000 | M5: =G5-H5 -> 30 | N5: =K5/G5 -> 0.022222222 | O5: =H5/G5 -> 0.93333333 | P5: =TEXT(A5,"mmm") -> Jan
A6: 46034 | B6: ORD005 | C6: Waluj | D6: Nashik | E6: Clutch Plate | F6: Rahul | G6: 350 | H6: 300 | I6: 180000 | J6: 140000 | K6: 7 | L6: =I6-J6 -> 40000 | M6: =G6-H6 -> 50 | N6: =K6/G6 -> 0.02 | O6: =H6/G6 -> 0.85714286 | P6: =TEXT(A6,"mmm") -> Jan
A7: 46037 | B7: ORD006 | C7: Bidkin | D7: Pune | E7: Brake Disc | F7: Priya | G7: 550 | H7: 500 | I7: 250000 | J7: 195000 | K7: 11 | L7: =I7-J7 -> 55000 | M7: =G7-H7 -> 50 | N7: =K7/G7 -> 0.02 | O7: =H7/G7 -> 0.90909091 | P7: =TEXT(A7,"mmm") -> Jan
A8: 46040 | B8: ORD007 | C8: Waluj | D8: Mumbai | E8: Brake Pad | F8: Amit | G8: 700 | H8: 620 | I8: 186000 | J8: 145000 | K8: 20 | L8: =I8-J8 -> 41000 | M8: =G8-H8 -> 80 | N8: =K8/G8 -> 0.028571429 | O8: =H8/G8 -> 0.88571429 | P8: =TEXT(A8,"mmm") -> Jan
A9: 46044 | B9: ORD008 | C9: Bidkin | D9: Nashik | E9: Clutch Plate | F9: Rahul | G9: 380 | H9: 350 | I9: 210000 | J9: 165000 | K9: 9 | L9: =I9-J9 -> 45000 | M9: =G9-H9 -> 30 | N9: =K9/G9 -> 0.023684211 | O9: =H9/G9 -> 0.92105263 | P9: =TEXT(A9,"mmm") -> Jan
A10: 46047 | B10: ORD009 | C10: Waluj | D10: Aurangabad | E10: Gear Set | F10: Priya | G10: 420 | H10: 390 | I10: 273000 | J10: 215000 | K10: 6 | L10: =I10-J10 -> 58000 | M10: =G10-H10 -> 30 | N10: =K10/G10 -> 0.014285714 | O10: =H10/G10 -> 0.92857143 | P10: =TEXT(A10,"mmm") -> Jan
A11: 46050 | B11: ORD010 | C11: Bidkin | D11: Aurangabad | E11: Brake Disc | F11: Amit | G11: 600 | H11: 550 | I11: 275000 | J11: 215000 | K11: 13 | L11: =I11-J11 -> 60000 | M11: =G11-H11 -> 50 | N11: =K11/G11 -> 0.021666667 | O11: =H11/G11 -> 0.91666667 | P11: =TEXT(A11,"mmm") -> Jan
A12: 46055 | B12: ORD011 | C12: Waluj | D12: Pune | E12: Clutch Plate | F12: Priya | G12: 450 | H12: 410 | I12: 246000 | J12: 190000 | K12: 8 | L12: =I12-J12 -> 56000 | M12: =G12-H12 -> 40 | N12: =K12/G12 -> 0.017777778 | O12: =H12/G12 -> 0.91111111 | P12: =TEXT(A12,"mmm") -> Feb
A13: 46058 | B13: ORD012 | C13: Bidkin | D13: Mumbai | E13: Brake Pad | F13: Rahul | G13: 650 | H13: 580 | I13: 174000 | J13: 135000 | K13: 17 | L13: =I13-J13 -> 39000 | M13: =G13-H13 -> 70 | N13: =K13/G13 -> 0.026153846 | O13: =H13/G13 -> 0.89230769 | P13: =TEXT(A13,"mmm") -> Feb
... A31: 46112 | B31: ORD030 | C31: Bidkin | D31: Pune | E31: Gear Set | F31: Rahul | G31: 680 | H31: 620 | I31: 434000 | J31: 335000 | K31: 14 | L31: =I31-J31 -> 99000 | M31: =G31-H31 -> 60 | N31: =K31/G31 -> 0.020588235 | O31: =H31/G31 -> 0.91176471 | P31: =TEXT(A31,"mmm") -> Mar

Sheet Dashboard
A1: MAHAAUTO COMPONENT
A2: SALES & PRODUCTION ANALYSIS DASHBOARD
A4: Total sales | B4: Total Profit
A5: =SUM(Sales!I2:I31) -> 7951000 | B5: =SUM(Sales!L2:L31) -> 1765000
A7: Total Unit Produced | B7: Total Unit Sold
A8: =SUM(Sales!G2:G31) -> 16680 | B8: =SUM(Sales!H2:H31) -> 15150
A10: Average Defect rate
A11: =AVERAGE(Sales!N2:N31) -> 0.021427417
